排序,公司名称,国家地区,营业收入百万美元,利润百万美元,资产百万美元,股东权益百万美元,雇员人数
1,WAL-MART STORES,美国,"246,525.0","8,039.0","94,685.0","39,337.0","1,300,000"
2,GENERAL MOTORS,美国,"186,763.0","1,736.0","370,782.0","6,814,0.0","350,000"
3,EXXON MOBIL,美国,"182,466.0","11,460.0","152,644.0","74,597.0","92,500"
4,ROYAL DUTCH/SHELL GROUP,荷/英,"179,431.0","9,419.0","152,691.0","60,064.0","116,000"
5,BP,英国,"178,721.0","6,845.0","159,125.0","69,409.0","115,250"
6,FORD MOTOR,美国,"163,871.0",-980.0,"289,357.0","5,590.0","350,321"
7,DAIMLER CHRYSLER,德国,"141,421.1","4,460.0","196,569.7","36,636.7","365,571"
8,TOYOTA MOTOR,日本,"131,754.2","7,752.7","174,922.6","62,913.2","264,096"
9,GENERAL ELECTRIC,美国,"131,698.0","14,118.0","575,244.0","63,706.0","315,000"
10,MITSUBISHI,日本,"109,386.1",494.6,"68,290.7","7,902.3","47,370"
11,MITSUI,日本,"108,630.7",255.5,"55,156.9","7,270.6","37,734"
12,ALLIANZ,德国,"101,930.2","-1,103.3","894,096.4","22,846.2","181,651"
13,CITIGROUP,美国,"100,789.0","15,276.0","1,097,190.0","86,718.0","252,500"
14,TOTAL,法国,"96,944.9","5,616.8","89,539.1","33,732.1","121,469"
15,CHEVRONTEXACO,美国,"92,043.0","1,132.0","77,359.0","31,604.0","53,014"
16,NIPPON TELEGRAPH&TELEPHONE,日本,"89,644.0","1,915.1","166,837.1","47,542.4","207,400"
17,ING GROUP,荷兰,"88,102.3","4,254.5","751,715.7","19,154.7","115,000"
18,ITOCHU,日本,"85,859.4",164.8,"37,834.3","3,594.4","39,109"
19,INTERNATIONAL BUSINESS MACHINES,美国,"83,132.0","3,579.0","96,484.0","22,782.0","315,889"
20,VOLKSWAGEN,德国,"82,203.7","2,443.0","114,268.9","25,849.4","324,892"
21,SIEMENS,德国,"77,205.2","2,386.5","77,022.4","23,244.4","426,000"
22,SUMITOMO,日本,"75,745.2",232.1,"41,061.0","5,281.2","31,589"
23,MARUBENI,日本,"72,164.8",248.8,"36,443.5","2,193.0","27,000"
24,VERIZON COMMUNICATIONS,美国,"67,625.0","4,079.0","167,468.0","32,616.0","229,497"
25,AMERICAN INTERNATIONAL GROUP,美国,"67,482.0","5,518.9","561,229.0","59,103.0","80,000"
26,HITACHI,日本,"67,228.0",228.7,"85,843.8","15,628.3","339,572"
27,U.S. POSTAL SERVICE,美国,"66,463.0",-676.0,"59,015.0","3,002.0","854,376"
28,HONDA MOTOR,日本,"65,420.4","3,501.5","64,777.1","22,176.7","12,900"
29,CARREFOUR,法国,"64,978.6","1,299.1","40,844.8","6,467.4","396,662"
30,ALTRIA GROUP,美国,"62,182.0","11,102.0","87,540.0","19,478.0","166,000"
31,AXA,法国,"62,050.8",897.2,"466,596.4","24,880.9","78,142"
32,SONY,日本,"61,334.6",948.0,"70,589.6","19,235.0","161,100"
33,NIPPON LIFE INSURANCE,日本,"61,174.5",927.2,"370,338.3","15,646.1","72,784"
34,MATSUSHITA ELECTRIC INDUSTRIAL,日本,"60,744.3",-159.6,"66,070.7","26,803.8","288,324"
35,ROYAL AHOLD,荷兰,"59,454.6",366.9,"30,444.5","5,758.8","270,739"
36,CONOCOPHILLIPS,美国,"58,384.0",-295.0,"76,836.0","29,517.0","57,300"
37,HOME DEPOT,美国,"58,247.0","3,664.0","30,011.0","19,802.0","300,000"
38,NESTLE,瑞士,"57,279.1","4,859.3","63,174.7","25,181.8","254,199"
39,MCKESSON,美国,"57,129.2",555.4,"14,353.4","1,528.5","24,500"
40,HEWLETT-PACKARD,美国,"56,588.0",-903.0,"70,710.0","36,262.0","141,000"
41,NISSAN MOTOR,日本,"56,040.8","4,063.7","61,976.4","15,249.6","127,625"
42,VIVENDI UNIVERSAL,法国,"54,977.1","-22,029.6","72,719.3","14,690.8","284,182"
43,BOEING,美国,"54,069.0",492.0,"52,342.0","7,696.0","165,000"
44,ASSICURAZIONI GENERALI,意大利,"53,598.9",-713.3,"246,304.8","8,241.2","59,753"
45,FANNIE MAE,美国,"52,901.1","4,618.8","887,257.0","16,288.0","4,700"
46,FIAT,意大利,"52,612.5","-3,732.6","97,086.0","8,018.0","189,969"
47,DEUTSCHE BANK,德国,"52,133.2",375.3,"795,772.2","31,470.8","77,442"
48,CREDIT SUISSE,瑞士,"52,121.7","-2,125.8","691,149.5","20,623.3","78,457"
49,MUNICH RE GROUP,德国,"51,980.1","1,022.0","206,133.4","14,636.2","41,396"
50,MERCK,美国,"51,790.3","7,149.5","47,561.2","18,200.5","77,300"
51,KROGER,美国,"51,759.5","1,204.9","20,101.8","3,850.3","389,000"
52,PEUGEOT,法国,"51,465.7","1,597.8","587,714","11,526.0","198,600"
53,CARDINAL HEALTH,美国,"51,135.7","1,056.2","16,438.0","6,393.0","50,000"
54,BNP PARIBAS,法国,"51,127.3","3,115.2","745,366.1","27,749.8","87,685"
55,DEUTSCHE TELEKOM,德国,"50,759.5","-23,245.4","132,029.0","32,978.7","256,000"
56,STATE FARM INSURANCE COS,美国,"49,653.7","-2,795.5","117,811.3","31,769.8","76,938"
57,AVIVA,英国,"49,533.3",802.4,"297,707.5","15,566.1","64,562"
58,METRO,德国,"48,714.5",418.8,"24,054.0","4,345.3","191,512"
59,SAMSUNG ELECTRONICS,韩国,"47,605.6","5,636.4","54,765.5","20,498.9","80,000"
60,VODAFONE,英国,"46,987.0","-15,189.0","2,428,282","203,383.8","66,667"
61,AT&T,美国,"46,727.0","-13,082.2","55,272.0","12,312.0","71,000"
62,TOSHIBA,日本,"46,415.8",151.9,"44,180.5","4,815.8","166,000"
63,ENI,意大利,"46,328.2","4,342.4","69,055.0","27,552.5","80,655"
64,BANK OF AMERICA CORP,美国,"45,732.0","9,249.0",660.458,"50,319.0","133,944"
65,ELECTRICITE DE FRANCE,法国,"45,720.3",454.8,"151,985.0","14,568.0","171,995"
66,UNILEVER,荷兰/英国,"45,636.2","2,012.8","46,798.4","61,566.5","247,000"
67,AMERISOURCEBERGEN,美国,"45,234.8",344.9,"11,213.0","3,316.3","13,100"
68,E.ON,德国,"44,941.3","2,625.5","118,643.6","26,918.7","107,856"
69,CHINA NATIONAL PETROLEUM,中国,"44,864.4","5,400.4","88,933.6","54,421.0","1,146,194"
70,SINOPEC,中国,"44,503.2",455.9,"69,695.7","22,879.1","917,100"
71,FRANCE TELECOM,法国,"44,085.7","-19,604.5","11,846.0","10,442.0","243,573"
72,TARGET,美国,"43,917.0","1,654.0","28,630","9,443.0","306,000"
73,FORTIS,比利时/荷兰,"43,597.5",502.6,"509,733.1","11,407.3","65,989"
74,SUEZ,法国,"43,574.9",-815.4,"88,303.3","11,099.4","198,750"
75,J.P. MORGAN CHASE&CO.,美国,"43,372.0","1,663.0","758,800.0","42,603.0","94,335"
76,SBC COMMUNICATIONS,美国,"43,138.0","5,653.0","95,057.0","33,199.0","175,980"
77,DAI-ICHI MUTUAL LIFE INSURANCE,日本,"43,134.2",464.1,"244,371.2","66,605.5","58,398"
78,BERKSHIRE HATHAWAY,美国,"42,353.0","4,286.0","169,544.0",64.037.0,"146,500"
79,UBS,瑞士,"42,329.7","2,271.0","854,208.2",28.199.1,"690,061"
80,AOL TIME WARNER,美国,"41,676.0","-98,696.0","115,450.0",52.817.0,"91,250"
81,SEARS ROEBUCK,美国,"41,366.0","1,376.0","50,409.0","6,753.0","289,000"
82,RWE,德国,"41,114.1",992.7,"105,220.5","6,746.2","131,765"
83,ZURICH FINANCIAL SERVICES,瑞士,"40,638.0","-3,430.0","285,856.0","16,805.0","67,824"
84,TESCO,英国,"40,387.2","1,450.7","25,990.3","10,263.3","188,182"
85,TOKYO ELECTRIC POWER,日本,"40,370.1","1,356.3","119,558.6","18,939.8","52,322"
86,PROCTER&GAMBLE,美国,"40,238.0","4,352.0","40,776.0","13,706.6","102,000"
87,BMW,德国,"39,974.9","1,909.8","58,249.9","14,555.4","101,395"
88,DEUTSCHE POST,德国,"39,956.0",623.0,"170,672.0","5,346.4","344,952"
89,HSBC HOLDINGS,英国,"39,730.0","6,239.0","759,246.0","52,406.0","184,405"
90,FREDDIE MAC,美国,"39,663.0","5,764.0","721,739.0","24,629.0","4,000"
91,TYCO INTERNATIONAL,美国,"38,971.3","-9,411.7","66,414.4","24,790.6","267,500"
92,COSTCO WHOLESALE,美国,"38,762.5",900.0,"11,620.3","5,694.2","690,000"
93,NEC,日本,"38,531.2",201.5,"34,603.5","3,022.8","145,807"
94,HYUNDAI MOTOR,韩国,"38,458.5","1,146.3","38,890.0","8,713.0","49,855"
95,PENEX,墨西哥,"37,973.9","-3,155.5","66,645.1","9,623.0","138,701"
96,NISSHO IWAI,日本,"37,907.8",-606.1,"17,745.4","1,714.0","11,597"
97,FUJITSU,日本,"37,895.5","-1,001.8","35,632.9","5,923.3","157,044"
98,CREDIT AGRICOLE,法国,"36,745.3","2,171.7","609,451.4","31,225.2","95,537"
99,HYPOVEREINSBANK,德国,"36,355.8",-783.8,"725,258.7","14,932.1","65,926"
100,SUMITOMO LIFE INSURANCE,日本,"36,304.5",15.4,"185,402.0","2,924.3","50,544"
101,JOHNSON & JOHNSON,美国,"36,298.6","6,597.0","40,556.0","22,697.00","108,300"
102,ROYAL BANK OF SCOTLAND,英国,"36,035.0","4,619.4","663,278.8","43,551.00","111,800"
103,ALBERTSON'S,美国,"35,916.0",850.0,"15,211.0","5,197.00","202,000"
104,PRUDENTIAL,英国,"35,818.6",674.7,"224,964.0","5,905.10","21,930"
105,DELL COMPUTER,美国,"35,404.0","2,112.0","15,470.0","4,873.00","39,100"
106,PFIZER,美国,"35,281.0","9,126.0","46,356.0","19,950.00","98,100"
107,SAFEWAY,美国,"34,799.2",-828.1,"16,047.3","3,627.50","184,000"
108,SK,韩国,"34,683.3","-1,915.8","34,879.0",581.00,"22,000"
109,ABN AMRO HOLDING,荷兰,"34,590.6","2,086.6","583,451.9","11,312.90","106,438"
110,REPSOL YPF,西班牙,"34,498.9","1,845.5","39,942.1","14,256.30","32,602"
111,RENAULT,法国,"34,353.3","1,849.3","55,854.3","12,411.60","132,351"
112,METLIFE,美国,"34,104.0","1,605.0","277,385.0","17,385.00","48,512"
113,THYSSEN KRUPP,德国,"33,723.0",198.5,"30,793.6","8,189.50","191,254"
114,ROBERT BOSCH,德国,"33,068.5",554.0,"28,830.6","8,955.10","224,341"
115,SAMSUNG,韩国,"32,960.0",58.8,"9,526.1","2,861.00","4,105"
116,MORGAN STANLEY,美国,"32,415.0","2,988.0","529,499.0","21,885.00","55,726"
117,J.C. PENNEY,美国,"32,347.0",405.0,"17,867.0","6,370.00","228,000"
118,MITSUBISHI MOTORS,日本,"31,882.4",306.6,"20,453.2","2,363.70","45,275"
119,GLAXOSMITHKLINE,英国,"31,874.2","5,912.9","35,944.2","10,594.80","104,499"
120,UNITED PARCEL SERVICE,美国,"31,272.0","3,182.0","26,357.0","12,455.00","360,000"
121,KMART HOLDING,美国,"30,762.0","-3,219.0","11,238.0",-301.00,"212,000"
122,STATOIL,挪威,"30,545.4","2,110.5","29,653.0","8,230.20","17,115"
123,BASF,德国,"30,457.7","1,422.3","36,816.9","17,362.30","89,389"
124,ROYAL PHILIPS ELECTRONICS,荷兰,"30,083.8","-3,031.1","33,882.1","14,605.80","170,087"
125,HBOS,英国,"29,911.7","2,879.1","571,643.3","22,166.70","56,081"
126,MITSUBISHI ELECTRIC,日本,"29,865.1",-97.0,"30,980.1","3,327.60","110,279"
127,OLIVETTI,意大利,"29,694.2",-730.8,"87,498.2","12,214.30","106,620"
128,ALLSTATE,美国,"29,579.0","1,134.0","117,426.0","17,438.00","39,802"
129,AEGON,荷兰,"29,444.6","1,462.6","249,959.1","14,933.20","25,974"
130,BT,英国,"29,301.4","4,155.0","44,601.2","4,176.10","104,700"
131,SUMITOMO MITSUI FINANCIAL GROUP,日本,"28,776.2","-3,819.1","882,165.1","20,422.50","24,024"
132,WALGREEN,美国,"28,681.1","1,019.2","9,878.8","6,230.20","117,000"
133,SAINT-GOBAIN,法国,"28,622.1",983.3,"31,635.5","11,873.30","172,500"
134,WELLS FARGO,美国,"28,473.0","5,434.0","349,259.0","30,358.00","127,500"
135,VEOLIA ENVIRONNEMENT,法国,"28,437.5",320.7,"44,091.6","6,641.90","302,000"
136,NOKIA,芬兰,"28,378.2","3,196.5","24,478.0","14,985.60","51,748"
137,MICROSOFT,美国,"28,365.0","7,819.0","67,646.0","52,180.00","50,500"
138,ENEL,意大利,"28,341.3","1,674.4","65,682.4","21,796.90","71,204"
139,EADS,荷兰,"28,269.5",-282.7,"49,738.7","13,394.80","103,967"
140,MERRILL LYNCH,美国,"28,253.0","2,513.0","447,928.0","22,875.00","52,400"
141,UNITED TECHNOLOGIES,美国,"28,212.0","2,236.0","29,090.0","8,355.00","155,000"
142,MIZUHO FINANCIAL GROUP,日本,"28,198.5","-19,509.0","1,130,311.6","24,127.70","30,944"
143,BAYER,德国,"28,007.6","1,002.2","43,749.1","16,091.60","122,600"
144,CONAGRA FOODS,美国,"27,629.6",783.0,"15,496.2","4,308.20","89,000"
145,DOW CHEMICAL,美国,"27,609.0",-338.0,"39,562.0","7,626.00","49,959"
146,MARATHON OIL,美国,"27,470.0",516.0,"17,812.0","5,082.00","28,466"
147,DELPHI,美国,"27,427.0",343.0,"19,316.0","1,279.00","192,000"
148,ITO-YOKADO,日本,"27,206.6",171.1,"20,937.1","9,146.50","47,393"
149,SPRINT,美国,"27,180.0",630.0,"45,293.0","12,294.00","72,200"
150,VALERO ENERGY,美国,"26,976.3",91.5,"14,465.2","4,308.30","19,830"
151,J.SAINSBURY,英国,"26,962.4",702.3,"19,016.8","7,908.0","108,700"
152,TELEFONICA,西班牙,"26,861.0","-5,272.5","71,398.5","17,834.6","152,845"
153,LOCKHEED MARTIN,美国,"26,806.0",500.0,"25,758.0.","5,865.0","125,000"
154,PRUDENTIAL FINANCIAL,美国,"26,797.0",194.0,"292,746.0.","21,330.0","54,086"
155,INTEL,美国,"26,764.0","3,117.0","44,224.0","35,468.0","78,700"
156,MOTOROLA,美国,"26,679.0","-2,485.0","31,152.0","11,239.0","97,000"
157,BARCLAYS,英国,"26,589.4","3,350.9","648,389.6","24,478.5","77,200"
158,NIPPON OIL,日本,"56,492.3",264.9,"28,252.9","7,842.7","13,882"
159,LOWE'S,美国,"26,490.9","1,471.5","16,019.5","8,301.5","130,000"
160,SANTANDER CENTRAL HISPANO GROUP,西班牙,"26,311.6","2,503.4","340,205.4","24,995.8","104,178"
161,MEIJI LIFE INSURANCE,日本,"26,228.2",423.3,"137,589.2","3,971.2","34,437"
162,GROUPE AUCHAN,法国,"26,058.1",276.1,"18,500.9","4,111.3","142,956"
163,GROUPE PINAULT-PRINTEMPS,法国,"25,881.7","1,502.5","31,505.0","6,787.9","113,453"
164,DZ BANK,德国,"25,559.8",52.0,"354,944.5","5,951.9","25,247"
165,WALT DISNEY,美国,"25,632.9","1,236.0","50,045.0","23,445.0","112,000"
166,PEPSICO,美国,"25,112.0","3,313.0","23,474.0","9,298.0","140,000"
167,UNITEDHEALTH GROUP,美国,"25,020.0","1,352.0","14,164.0","4,428.0","32,000"
168,INTERNATIONAL PAPER,美国,"24,976.0",-880.0,"33,792.0","7,374.0","91,000"
169,AEON,日本,"24,744.8",285.0,"18,303.8","2,881.2","43,114"
170,NEW YORK LIFE INSURANCE,美国,"24,720.7",423.5,"117,227.8","7,985.5","7,500"
171,VIACOM,美国,"24,605.7",725.0,"89,754.2","62,487.8","90,955"
172,DUPONT,美国,"24,522.0","-1,103.0","34,621.0","9,063.0","79,000"
173,SOCIETE GENERALE,法国,"24,205.0","1,320.8","525,997.4","18,260.6","88,278"
174,CVS,美国,"24,181.5",716.6,"9,645.3","5,197.0","74,500"
175,MILLEA HOLDINGS,日本,"24,037.3",464.6,"83,874.0","15,221.2","21,203"
176,AMERICAN EXPRESS,美国,"23,807.0","2,671.0","157,253.0","13,861.0","75,500"
177,WACHOVIA CORP,美国,"23,591.0","3,579.0","341,839.0","32,078.0","80,778"
178,CANON,日本,"23,481.3","1,523.3","24,797.3","13,414.9","97,802"
179,ARCHER DANIELS MIDLAND,美国,"23,453.6",511.1,"15,416.3","6,754.8","24,746"
180,TYSON FOODS,美国,"23,367.0",383.0,"10,372.0","3,662.0","120,000"
181,SYSCO,美国,"23,350.5",678.9,"5,989.8","2,132.5","46,800"
182,GEORGIA-PACIFIC,美国,"23,271.0",-735.0,"24,629.0","4,560.0","61,000"
183,ARCELOR,卢森堡,"23,194.4",-175.9,"27,110.7","7,064.2","104,241"
184,KDDI,日本,"22,858.7",470.7,"23,461.2","7,545.2","13,341"
185,ABB,瑞士,"22,855.0",-783.0,"29,533.0","1,013.0","139,051"
186,GOLDMAN SACHS GROUP,美国,"22,854.0","2,114.0","355,574.0","19,003.0","19,739"
187,MITSUBISHI TOKYO FINANCIAL GROUP,日本,"22,753.6","-1,325.4","836,355.4","25,690.8","21,367"
188,BEST BUY,美国,"22,673.0",99.0,"7,663.0","2,730.0","98,000"
189,PETROBRAS,巴西,"22,612.0","2,311.0","32,018.0","9,301.0","46,723"
190,NIPPON STEEL,日本,"22,563.0",-424.2,"31,684.6","31,684.6","47,200"
191,INDIAN OIL,印度,"22,506.2","1,360.1","11,977.6","1,090.8","37,829"
192,INGRAM MICRO,美国,"22,4 59.3",-275.2,"5,145.4","1,636.0","12,700"
193,BELLSOUTH,美国,"22,440.0","1,423.0","49,479.0","17,646.0","77,020"
194,FONCIERE EURIS,法国,"22,424.8",39.7,"18,607.9",282.3,"122,043"
195,LLOYDS TSB GROUP,英国,"22,391.0","2,676.2","406,915.1","12,834.1","79,537"
196,STANDARD LIRE ASSURANCE,英国,"22,375.6",N.A.,"12,418.8",N.A.,"14,222"
197,HONEYWELL INTERNATIONAL,美国,"22,274.0",-220.0,"27,559.0","8,925.0","108,000"
198,BANK ONE CORP,美国,"22,171.0","3,295.0","277,383.0","22,440.0","73,685"
199,SWISS REINSURANCE,瑞士,"22,109.2",-58.5,"117,058.2","12,067.6","8,287"
200,ELECTRONIC DATA SYSTEMS,美国,"21,782.0","1,116.0","18,880.0","7,022.0","137,000"
201,CENTRICA,英国,"21,510.4",718.3,"14,054.4","3,619.1","38,051"
202,KANSAI ELECTRIC POWER,日本,"21,462.0",660.4,"62,424.6","13,055.5","35,554"
203,CNP ASSURANCES,法国,"21,450.9",539.9,"161,670.2","4,930.6","2,735"
204,PETRONAS,马来西亚,"21,430.1","3,975.0","46,844.8","20,619.8","28,378"
205,LG INTERNATIONAL,韩国,"21,394.2",76.0,"2,730.6",459.3,896
206,MITSUBISHI HEAVY INDUSTRIES,日本,"21,287.6",281.7,"30,923.0","10,718.2","61,292"
207,ALSTOM,法国,"21,237.1","-1,373.6","27,047.3",878.4,"109,671"
208,FRANZ HANIEL,德国,"21,236.2",217.9,"11,726.7","2,897.0","44,597"
209,TOYOTA TSUSHO,日本,"21,144.4",154.5,"8,099.1","1,345.0","11,223"
210,EAST JAPAN RAILWAY,日本,"21,055.9",804.2,"57,795.4","8,280.1","78,760"
211,BOUYGUES,法国,"21,033.1",629.7,"26,005.8","5,258.2","121,604"
212,SNCF,法国,"20,966.0",59.6,"41,574.9","4,491.2","242,162"
213,BANCO BILBAO VIZCAYA ARGENTARIA,西班牙,"20,823.2","1,625.2","293,334.6","18,060.2","93,093"
214,NOVARTIS,瑞士,"20,822.5","4,698.1","45,709*","28,698.8","72,877"
215,UFJ HOLDINGS,日本,"20,686.5","-4,997.3","676,397","15,722.2","22,317"
216,ALCOA,美国,"20,618.0",420.0,"29,810.0","9,927.0","127,000"
217,FEDEX,美国,"20,607.0",710.0,"13,812.0","6,545.0","184,953"
218,FUJI PHOTO FILM,日本,"20,563.8",398.7,"24,947.8","14,172.8","72,633"
219,RABOBANK,荷兰,"20,508.4",N.A.,"393,208.7","17,408.6","51,867"
220,TUI,德国,"20,431.0",30.3,"16,283.0","3,053.7","70,299"
221,NORSK HYDRO,挪威,"20,412.9","1,098.1","29,910.1","10,951.1","42,615"
222,MASSACHUSETTS MUTUAL LIFE INSURANCE,美国,"20,247.1","1,430.0","94,267.0","6,105.0","11,797"
223,CATERPILLAR,美国,"20,152.0",798.0,"32,851.0","5,472.0","68,990"
224,JOHNSON CONTROLS,美国,"20,103.4",600.5,"11,165.3","3,499.7","111,000"
225,DELHAIZE GROUP,比利时,"19,932.2",168.6,"11,375.0","3,702.8","143,894"
226,JFE HOLDINGS,日本,"19,917.0",130.9,"32,312.6","5,014.0","54,100"
227,CIGNA,美国,"19,915.0",-398.0,"88,950.0","3,867.0","41,200"
228,AETNA,美国,"19,878.7","-2,522.5","40,047.5","6,980.0","28,371"
229,TIAA-CREF,美国,"19,791.0",-136.8,"261,587.7","9,671.6","6,467"
230,CHINA MOBILE COMMUNICATIONS,中国,"19,783.3","3,706.4","44,587.0","28,745.7","120,773"
231,COMMERZBANK,德国,"19,763.4",-281.7,"442,962.1","9,242.6","36,566"
232,HCA,美国,"19,729.0",833.0,"18,741.0","5,702.0","178,000"
233,ROYAL&SUN ALLIANCE,英国,"19,699.7","-1,412.5","96,507.1","4,898.9","50,479"
234,COCA-COLA,美国,"19,564.0","3,050.0","24,501.0","11,800.0","56,000"
235,GAZPROM,俄罗斯,"19,551.5","3,873.6","68,378.8","50,154.7","310,700"
236,SAMSUNG LIFE INSURANCE,韩国,"19,536.1",791.8,"58,191.3","4,614.2","6,220"
237,INDUS.&COMMERCIAL BANK OF CHINA,中国,"19,528.5",788.6,"577,110.6","21,530.4","405,000"
238,AVENTIS,法国,"19,496.8","1,976.9","32,606.1","11,894.3","78,099"
239,AUTONATION,美国,"19,478.5",381.6,"8,584.8","3,910.2","28,500"
240,MAZDA MOTOR,日本,"19,405.1",198.1,"14,791.8","1,636.6","36,184"
241,GROUPE CAISSE D'EPARGNE,法国,"19,350.2",900.1,"374,753.9","9,756.8","44,600"
242,SUPERVALU,美国,"19,160.4",257.0,"5,896.2","2,009.2","57,400"
243,VOLVO,瑞典,"19,158.8",143.3,"27,454.6","8,983.7","70,546"
244,DENSO,日本,"19,144.5",911.1,"19,857.1","11,788.5","89,380"
245,ROCHE GROUP,瑞士,"19,096.2","-2,586.4","46,282.5","15,050.2","69,659"
246,WASHINGTON MUTUAL,美国,"19,037.0","3,896.0","268,298.0","20,134.0","52,459"
247,CISCO SYSTEMS,美国,"18,915.0","1,893.0","37,795.0","28,656.0","36,000"
248,SINOCHEM,中国,"18,763.0",96.6,"2,119.5","1,340.9","9,604"
249,WEYERHAEUSER,美国,"18,521.0",241.0,"28,219.0","6,623.0","56,787"
250,VISTEON,美国,"18,395.0",-352.0,"11,170.0","2,978.0","76,946"
251,CREDIT LYONNAIS,法国,"18,176.9",806.5,"256,968.7","9,084.1","40,950"
252,BRISTOL-MYERS SQUIBB,美国,"18,119.0","2,066.0","24,874.0","8,967.0","44,000"
253,ASTRAZENECA,英国,"18,032.0","2,836.0","21,576.0","11,172.0","58,700"
254,CHINA TELECOMMUNICATIONS,中国,"180,126.0",937.7,"58,482.5","28,786.5","365,778"
255,BRITISH AMERICAN TOBACCO,英国,"17,959.7","1,731.1","26,218.8","8,347.3","60,867"
256,BRIDGESTONE,日本,"17,951.8",362.4,"18,066.2","6,707.8","106,846"
257,SANYO ELECTRIC,日本,"17,911.8",-597.6,"23,144.9","4,057.9","79,025"
258,DAIEI,日本,"17,884.4","1,101.8","19,270.1",559.3,"24,216"
259,CHUBU ELECTRIC POWER,日本,"17,858.6",874.0,"52,981.0","11,032.6","26,303"
260,NORTHROP GRUMMAN,美国,"17,837.0",64.0,"420,266.0","14,322.0","117,300"
261,LG ELECTRONICS,韩国,"17,836.0",273.7,"16,919.7","2,392.2","55,248"
262,NIPPON MINING HOLDINGS,日本,"17,752.0",30.0.,"13,735.2","1,728.3","10,914"
263,ABBOTT LABORATORIES,美国,"17,684.7","2,793.7","24,259.1","10,664.6","71,819"
264,DEUTSCHE BAHN,德国,"17,665.5",-456.6,"48,293.8","5,883.6","250,690"
265,DEXIA GROUP,比利时,"17,655.1","1,228.1","368,238.6","9,538.5","20,723"
266,SARA LEE,美国,"17,628.0",1.0,"13,783.0","1,742.0","154,900"
267,FLEMING,美国,"17,561.5","1,010.0","3,997.9",514.0,"22,712"
268,BANCA INTESA,意大利,"17,555.8",-83.8,"294,584.4","14,639.3","71,501"
269,GEORGE WESTON,加拿大,"17,476.0",189.1,"10,547.5","2,773.8","142,850"
270,VINCI,法国,"17,437.5",439.4,"21,282.3","2,725.6","127,380"
271,ALMANIJ,比利时,"17,410.3",451.7,"265,252.2","7,867.8","52,969"
272,WELLPOINT HEALTH NETWORKS,美国,"17,338.5",678.3,"11,302.5","3,976.7","16,200"
273,BERTELSMANN,德国,"17,312.8",703.1,"23,282.8","7,014.8","80,632"
274,AMR,美国,"17,299.0",-3.511.0,"30,267.0",957.0,"105,500"
275,SK GLOBAL,韩国,"17,152.0",-2.521.5,"10,201.6","2,922.1","4,190"
276,LANDESBANK BADEN-WURTTEMBERG,德国,"17,138.9",266.7,"336,256.2","9,277.6","10,342"
277,JAPAN AIRLINES SYSTEM,日本,"17,098.7",95.6,"18,319.1","2,144.2","54,885"
278,TOMEN,日本,"17,093.9",-549.6,"8,194.6",115.4,"8,429"
279,KOREA ELECTRIC POWER,韩国,"17,074.9","2,436.0","59,450.9","29,892.1","16,852"
280,RAYTHEON,美国,"16,962.0",-640.0,"23,946.0","8,870.0","76,400"
281,PHARMACIA,美国,"16,929.0",597.0,"18,517.0","7,983.0","43,000"
282,COCA-COLA ENTERPRISES,美国,"16,889.0",494.0,"24,375.0","3,347.0","74,000"
283,LOEWS,美国,"16,827.8",912.0,"70,519.6","11,235.2","25,800"
284,LEHMAN BROTHERS HOLDINGS,美国,"16,781.0",975.0,"260,336.0","8,942.0","12,343"
285,IDEMITSU KOSAN,日本,"16,587.9",18.7,"19,748.3","2,496.8","8,794"
286,SUZUKI MOTOR,日本,"16,539.2",254.6,"12,965.3","5,467.7","39,127"
287,JAPAN TOBACCO,日本,"16,475.4",618.0,"24,942.3","13,684.0","38,628"
288,SHARP,日本,"16,439.9",267.5,"16,906.9","7,607.6","46,633"
289,LA POSTE,法国,"16,386.3",32.1,"53,809.1","1,727.2","325,000"
290,CHINA LIFE INSURANCE,中国,"16,379.3",97.2,"36,232.5",940.7,"65,232"
291,3M,美国,"16,332.0",1.974.0,"15,329.0","5,993.0","68,744"
292,KINGFISHER,英国,"16,282.1",257.6,"15,306.9","7,335.0","78,523"
293,BANCO BRADESCO,巴西,"16,125.2",692.7,"40,331.0","3,063.7","74,393"
294,ADECCO,瑞士,"16,116.0",227.4,"6,118.4","1,408.1","29,000"
295,YASUDA MUTUAL LIFE INSURANCE,日本,"16,105.4",524.4,"80,052.7","1,734.8","20,263"
296,LUFTHANSA GROUP,德国,"16,045.4",677.7,"20,081.1","4,328.7","33,796"
297,NATIONWIDE,美国,"15,949.3",172.3,"129,565.4","9,826.8","31,000"
298,ASAHI MUTUAL LIFE INSURANCE,日本,"15,933.4",51.3,"55,667.4",916.0,"22,162"
299,PUBLIX SUPER MARKETS,美国,"15,930.6",632.4,"4,789.6","3,008.1","90,100"
300,NORTHWESTERN MUTUAL,美国,"15,916.4",158.0,"102,935.0","7,271.1","4,298"
301,HARTFORD FINANCIAL SERVICES,美国,"15,907.0","1,000.0","182,043.0","10,734.0","29,000"
302,BHP BILLITON,澳大利亚,"15,906.0","1,690.0","29,552.0","12,356.0","51,037"
303,FLEETBOSTON FINANCIAL,美国,"15,868.0","1,188.0","180,453.0","16,833.0","50,290"
304,XEROX,美国,"15,849.0",91.0,"25,458.0","2,443.0","67,100"
305,ENDESA,西班牙,"15,825.6","1,200.7","50,553.0","8,439.8","26,354"
306,RITE AID,美国,"15,800.9",-112.1,"6,133.5",-112.3,"56,160"
307,MITSUI SUMITOMO INSURANCE,日本,"15,760.2",269.3,"54,626.4","8,786.9","16,013"
308,ABBEY NATIONAL,英国,"15,744.8","-1,800.2","331,190.2","10,290.5","32,364"
309,TECH DATA,美国,"15,738.9",199.8,"3,248.0","1,338.5","7,900"
310,DUKE ENERGY,美国,"15,663.0","1,034.0","60,966.0","15,078.0","22,000"
311,ALCATEL,法国,"15,644.1","-4,486.1","27,156.9","5,254.0","75,940"
312,AT&T WIRELESS SERVICES,美国,"15,632.0","-2,324.0","45,806.0","19,697.0","31,000"
313,COMPASS GROUP,英国,"15,609.6",326.4,"14,441.1","4,452.0","392,352"
314,AMERICAN ELECTRIC POWER,美国,"15,583.0",-519.0,"34,741.0","7,064.0","26,763"
315,ADVANCEPCS,美国,"15,540.5",168.4,"3,712.7",970.5,"6,000"
316,NICHIMEN,日本,"15,495.5",-398.3,"9,905.8",253.9,"7,626"
317,MITSUBISHI CHEMICAL,日本,"15,490.3",175.5,"17,852.9","2,954.4","37,633"
318,QWEST COMMUNICATIONS,美国,"15,487.0","-35,913.0","31,228.0","-1,094.0","50,788"
319,FEDERATED DEPARTMENT STORES,美国,"15,435.0",818.0,"14,441.0","5,762.0","113,000"
320,U.S. BANCORP,美国,"15,422.3","3,289.2","180,027.0","18,101.0","52,046"
321,MCDONALD'S,美国,"15,405.7",893.5,"23,970.5","10,280.9","413,000"
322,KAJIMA,日本,"15,386.1",83.0,"17,070.5","1,341.0","17,376"
323,SUN LIFE FINANCIAL SERVICES,加拿大,"15,311.1",635.5,"111,528.4","9,437.2","14,905"
324,BAYERISCHE LANDESBANK,德国,"15,307.9",222.7,"358,137.0","9,264.0","9,605"
325,MICHELIN,法国,"15,221.7",549.1,"17,115.9","4,542.4","126,285"
326,NEWS CORP,澳大利亚,"15,183.5","-6,259.9","40,104.8","19,418.3","33,800"
327,MAN GROUP,德国,"15,164.8",127.6,"12,268.9","2,759.8","75,054"
328,ANGLO AMERICAN,英国,"15,145.0","1,563.0","33,581.0","16,261.0","177,000"
329,BOMBARDIER,加拿大,"15,115.9",-393.0,"18,940.2","1,789.6","70,411"
330,KOOKMIN BANK,韩国,"15,075.3","1,016.0","157,770.8","8,517.9","18,347"
331,UNICREDITO ITALIANO,意大利,"15,033.5","1,702.9","223,876.0","12,865.8","66,555"
332,BANK OF CHINA,中国,"15,030.9","1,141.2","434,201.6","26,538.4","192,468"
333,L.M. ERICSSON,瑞典,"14,999.3","-1,956.3","23,902.0","8,447.6","64,621"
334,SKANSKA,瑞典,"14,979.0",-86.1,"8,993.5","1,631.6","76,358"
335,EXELON,美国,"14,955.0","1,440.0","37,478.0","7,742.0","25,000"
336,KARSTADTQUELLE,德国,"14,951.7",153.4,"10,719.8","1,759.1","104,536"
337,ROYAL BANK KF CANADA,加拿大,"14,771.7","1,841.2","243,970.5","11,980.3","59,549"
338,BANCO DO BRASIL,巴西,"14,679.2",694.5,"57,794.5","2,598.0","78,619"
339,HOUSEHOLD INTERNATIONAL,美国,"14,671.6","1,557.8","97,860.6","10,416.1","33,000"
340,WYETH,美国,"14,584.0","4,447.2","25,994.9","8,155.9","52,762"
341,LIBERTY MUTUAL INSURANCE GROUP,美国,"14,544.0",508.0,"55,827.0","6,447.0","36,067"
342,GAP,美国,"14,454.7",477.5,"9,902.0","3,658.2","165,000"
343,LEAR,美国,"14,424.6",13.0,"7,483.0","1,662.3","115,000"
344,ONEX,加拿大,"14,424.1",-92.3,"12,590.2",660.8,"98,000"
345,HYUNDAI,韩国,"14,323.7",-143.7,828.7,-124.4,386
346,UAL,美国,"14,286.0","-3,312.0","23,656.0","-2,483.0","72,000"
347,RICOH,日本,"14,266.3",595.1,"15,859.7","5,544.9","74,600"
348,SOMPO JAPAN INSURANCE,日本,"14,261.7",-240.2,"44,962.8","4,299.5","17,636"
349,CENDANT,美国,"14,243.0",846.0,"35,897.0","9,315.0","85,000"
350,SWISS LIFE INSURANCE &PENSION,瑞士,"14,124.5","-1,088.3","115,401.3","3,015.8","11,541"
351,NATIONAL AUSTRALIA BANK,澳大利亚,"14,109.6","1,794.5","205,049.5","12,596.8","41,428"
352,TXU,美国,"14,086.0","-4,210.0","30,891.0","5,066.0","19,200"
353,BUNGE,美国,"14,074.0",255.0,"8,349.0","1,472.0","24,207"
354,DEERE,美国,"13,947.0",319.2,"23,768.0","3,163.2","43,051"
355,TENET HEALTHCARE,美国,"13,913.0",785.0,"13,814.0","5,619.0","96,796"
356,DENTSU,日本,"13,893.7",188.5,"10,012.6","3,728.2","13,623"
357,GENERAL DYNAMICS,美国,"13,863.0",917.0,"11,731.0","5,199.0","54,000"
358,GOODYEAR TIRE&RUBBER,美国,"13,850.0","-1,105.8","13,146.6",650.6,"92,742"
359,SCHLUMBERGER,美国,"13,824.7","-2,320.0","19,435.2","5,606.1","78,500"
360,EMERSON ELECTRIC,美国,"13,824.0",122.0,"14,545.0","5,741.0","111,500"
361,LAFARGE,法国,"13,812.8",431.1,"27,953.4","7,325.4","77,547"
362,PG &E CORP,美国,"13,784.0",-874.0,"33,696.0","3,613.0","21,814"
363,NIPPON EXPRESS,日本,"13,762.1",191.5,"10,162.8","3,099.6","65,160"
364,GAZ DE FRANCE,法国,"13,752.3","3,414.9","29,944.0","9,715.8","35,694"
365,ELECTROLUX,瑞典,"13,700.4",524.2,"9,803.8","3,170.9","81,971"
366,OLD MUTUAL,英国,"13,650.1",235.9,"79,799.5","4,485.2","46,462"
367,GROUPAMA,法国,"13,648.3",-145.6,"50,893.0","4,092.4","27,400"
368,LUCENT TECHNOLOGIES,美国,"13,568.0","-11,753.0","17,791.0","-4,734.0","47,000"
369,ANHEUSER-BUSCH,美国,"13,566.4","1,933.8","14,119.5","3,052.3","23,176"
370,KIMBERLY-CLARK,美国,"13,566.3","1,674.6","15,585.8","5,650.3","63,900"
371,CHINA CONSTRUCTION BANK,中国,"13,539.4",520.0,"372,499.3","12,955.8","306,809"
372,COLES MYER,澳大利亚,"13,537.7",186.4,"4,511.6","1,800.2","164,000"
373,L'OREAL,法国,"13,508.4","1,207.7","15,711.5","7,788.0","50,491"
374,MITSUI MUTUAL LIFE INSURANCES,日本,"13,508.1",425.4,"64,708.0","1,707.7","16,203"
375,TAISEI,日本,"13,497.2",123.1,"15,968.0","1,471.9","17,159"
376,MAY DEPARTMENT STORES,美国,"13,491.0",542.0,"11,936.0","4,035.0","116,000"
377,LUKOIL,俄罗斯,"13,453.0","1,843.0","22,001.0","14,000.0","150,000"
378,FLEXTRONICS INTERNATIONAL,新加坡,"13,378.7",-83.5,"8,394.1","4,542.0","95,000"
379,SAFEWAY,英国,"13,363.2",260.0,"7,930.0","3,494.8","55,285"
380,DELTA AIR LINES,美国,"13,305.0","-1,272.0","24,720.0",893.0,"75,100"
381,ANTHEM,美国,"13,282.3",549.1,"12,293.1","5,362.3","19,500"
382,LEGAL &GENERAL GROUP,英国,"13,239.8",-270.5,"171,765.1","5,125.9","8,487"
383,AKZO NOBEL,荷兰,"13,238.0",773.4,"13,420.0","2,201.5","67,900"
384,COFCO,中国,"13,218.1",115.7,"5,142.6","1,785.2","28,000"
385,DIAGEO,英国,"13,215.9","2,332.2","28,188.7","9,147.3","55,350"
386,KT,韩国,"13,101.5","1,555.9","24,117.8","6,480.4","44,012"
387,TOHOKU ELECTRIC POWER,日本,"13,080.3",508.0,"35,496.4","7,104.4","18,678"
388,WOOLWORTHS,澳大利亚,"13,075.0",294.6,"3,213.1",693.3,"145,000"
389,CATHAY LIFE,中国台湾,"13,071.5",371.6,"36,973.1","1,974.6","31,745"
390,BCE,加拿大,"13,020.7","1,575.9","25,043.0","8,147.2","66,000"
391,MAGNA INTERNATIONAL,加拿大,"12,971.0",554.0,"10,142.0","5,421.0","73,000"
392,MIGROS,瑞士,"12,968.7",114.4,"10,496.7","5,800.2","62,400"
393,WINN-DIXIE STORES,美国,"12,942.9",86.9,"2,937.6",812.4,"76,700"
394,EASTMAN KODAK,美国,"12,841.0",770.0,"13,369.0","2,777.0","70,000"
395,ROYAL MAIL GROUP,英国,"12,837.7",-864.7,"9,860.1","3,300.4","200,000"
396,GROUPE DANONE,法国,"12,815.4","1,213.0","16,254.3","5,338.0","92,209"
397,OTTO VERSAND,德国,"12,771.4",127.9,"5,692.3",850.8,"56,471"
398,SHIMIZU,日本,"12,717.5",56.0,"15,345.8","1,801.8","13,455"
399,AIR FRANCE GROUP,法国,"12,619.3",119.4,"13,757.7","4,358.2","71,525"
400,HALLIBURTON,美国,"12,572.0",-998.0,"12,844.0","3,558.0","83,000"
401,SUNOCO,美国,"12,550.0",-47.0,"6,441.0","1,394.0","14,000"
402,ALCAN,加拿大,"12,540.0",374.0,"17,530.0","8,625.0","48,000"
403,EL PASO,美国,"12,503.0","-1,467.0","46,224.0","8,377.0","11,855"
404,SUN MICROSYSTEMS,美国,"12,496.0",-587.0,"16,522.0","9,801.0","39,400"
405,LAGARDERE GROUPE,法国,"12,495.3",-275.2,"19,066.6","3,865.5","45,826"
406,MARKS & SPENCER,英国,"12,494.6",743.3,"10,678.4","4,802.6","47,756"
407,UNION PACIFIC,美国,"12,491.0","1,341.0","32,764.0","10,651.0","60,947"
408,COMCAST,美国,"12,460.0",-274.0,"113,105.0","38,329.0","82,000"
409,CHRISTIAN DIOR,法国,"12,449.5",168.3,"28,124.4","3,980.1","55,314"
410,SAN PAOLO IMI,意大利,"12,337.0",840.5,"213,827.2","11,056.9","45,650"
411,RAG,德国,"12,314.7",5.8,"20,038.6","1,841.8","81,990"
412,SOLECTRON,美国,"12,276.2","-3,110.2","11,014.0","4,772.7","68,500"
413,ITAUSA-INVESTIMENTOS ITAU,巴西,"12,273.7",526.5,"32,386.3","1,804.9","54,648"
414,EXPRESS SCRIPTS,美国,"12,260.6",202.8,"3,207.0","1,002.9","7,561"
415,FIRSTENERGY,美国,"12,247.4",629.3,"33,580.8","7,455.2","17,560"
416,SUMITOMO ELECTRIC INDUSTRIES,日本,"12,219.2",-163.2,"13,718.7","5,172.1","79,197"
417,BAE SYSTEMS,英国,"12,135.4","-1,030.8","25,120.9","9,137.8","68,100"
418,POWER CORP OF CANADA,加拿大,"12,108.9",410.7,"44,395.4","3,409.9","19,000"
419,STORA ENSO,芬兰,"12,085.1",-210.1,"19,112.9","8,559.4","42,461"
420,NORDEA,瑞典,"12,068.5",838.6,"261,935.2","12,484.0","37,562"
421,ALLIANCE UNICHEM,英国,"12,056.5",163.5,"5,158.8","1,395.3","29,854"
422,LVMH,法国,"12,000.4",525.7,"22,473.7","7,418.8","52,991"
423,NORINCHUKIN BANK,日本,"11,992.4",537.1,"516,657.7","14,902.3","3,503"
424,CINERGY,美国,"11,990.1",360.6,"13,307.0","3,293.5","7,823"
425,TJX,美国,"11,981.2",578.4,"3,940.5","1,409.1","89,000"
426,EDISON,意大利,"11,950.3",-659.0,"19,091.7","4,696.8","5,397"
427,AMERADA HESS,美国,"11,932.0",-218.0,"13,262.0","4,249.0","11,662"
428,ROYAL KPN,荷兰,"11,929.5","-9,021.3","26,402.4","4,730.4","40,195"
429,BRITISH AIRWAYS,英国,"11,895.6",111.4,"20,390.4","3,253.0","51,505"
430,CARSO GLOBAL TELECOM,墨西哥,"11,681.9",304.3,"16,566.7",912.6,"63,775"
431,KYUSHU ELECTRIC POWER,日本,"11,664.4",527.9,"35,457.5","7,085.9","19,060"
432,BANK OF NOVA SCOTIA,加拿大,"11,633.1","1,141.7","189,321.6","9,439.3","44,633"
433,COSMO OIL,日本,"11,609.6",28.1,"10,513.8","1,632.6","5,710"
434,STAPLES,美国,"11,596.1",446.1,"5,721.4","2,658.9","43,864"
435,WOLSELEY,英国,"11,586.2",419.1,"6,083.2","2,499.4","37,136"
436,ACCENTURE,美国,"11,574.3",244.9,"5,478.9",438.6,"75,000"
437,WESTLB,德国,"11,573.5","-1,635.6","278,706.0","5,240.7","9,910"
438,EDISON INTERNATIONAL,美国,"11,562.0","1,077.0","33,284.0","4,437.0","15,038"
439,RELIANT RESOURCES,美国,"11,558.0",-559.8,"17,636.8","5,652.9","6,002"
440,AISIN SEIKI,日本,"11,555.3",393.9,"10,324.7","3,614.4","42,500"
441,SODEXHO ALLIANCE,法国,"11,517.3",167.1,"8,378.8","2,351.6","315,141"
442,TAIYO MUTUAL LIFE INSURANCE,日本,"11,504.6",13.0,"55,233.7",973.4,"3,296"
443,POSCO,韩国,"11,472.1",870.5,"16,084.3","9,523.4","27,100"
444,OFFICE DEPOT,美国,"11,437.5",210.7,"4,765.8","2,297.1","43,000"
445,PECHINEY,法国,"11,395.3",-47.3,"8,640.3","3,162.7","34,000"
446,EUROHYPO,德国,"11,389.1",276.6,"239,740.1","4,984.2","2,559"
447,TOKYU,日本,"11,370.0",28.0,"21,176.8","1,280.1","31,320"
448,COMPUTER SCIENCES,美国,"11,346.5",440.2,"10,433.2","4,606.4","90,000"
449,"TOYS""R""US",美国,"11,305.0",229.0,"9,397.0","4,030.0","65,000"
450,FUJI HEAVY INDUSTRIES,日本,"11,262.5",274.8,"11,334.7","3,468.1","27,478"
451,HUMANA,美国,"11,261.2",142.8,"4,600.0","1,606.5","13,500"
452,CENTRAL JAPAN RAILWAY,日本,"11,186.1",402.8,"47,044.8","5,853.9","23,617"
453,PACIFICARE HEALTH SYSTEMS,美国,"11,156.5",-757.8,"4,251.1","1,328.3","7,800"
454,WASTE MANAGEMENT,美国,"11,142.0",822.0,"19,631.0","5,308.0","53,000"
455,TPG,荷兰,"11,139.1",566.3,"8,673.8","2,982.2","150,365"
456,ELI LILLY,美国,"11,077.5","2,707.9","19,042.0","8,273.6","43,700"
457,ISUZU MOTORS,日本,"11,074.6","-1,184.2","8,676.3",222.9,"20,690"
458,GUS,英国,"11,054.1",388.3,"11,488.2","4,019.6","58,528"
459,WHIRLPOOL,美国,"11,016.0",-394.0,"6,631.0",739.0,"65,000"
460,OBAYASHI,日本,"11,005.3",25.6,"16,432.6","2,195.6","13,170"
461,YUKOS,俄罗斯,"10,914.0","3,058.0","14,394.0","10,555.0","100,000"
462,TELSTRA,澳大利亚,"10,886.0","1,915.9","21,105.8","7,919.8","40,427"
463,SEIKO EPSON,日本,"10,853.1",102.7,"10,099.7","2,372.6","73,797"
464,CANADIAN IMPERIAL BANK OF COMMERCE,加拿大,"10,835.8",414.9,"174,574.1","7,878.1","42,552"
465,EDEKA ZENTRALE,德国,"10,818.2",110.9,"3,225.4",359.4,"27,426"
466,CORUS GROUP,英国,"10,801.0",-688.2,"10,353.3","4,382.1","50,900"
467,GREAT ATLANTIC & PACIFIC TEA,美国,"10,794.4",-193.5,"2,885.2",498.2,"52,140"
468,CONTINENTAL,德国,"10,785.8",213.7,"8,601.5","1,799.8","64,379"
469,DAI NIPPON PRINTING,日本,"10,742.7",236.1,"12,228.2","7,944.7","35,182"
470,NORTEL NETWORKS,加拿大,"10,701.0","-3,585.0","15,971.0","1,960.0","36,960"
471,KINKI NIPPON RAILWAY,日本,"10,698.2",-414.4,"19,543.8","1,053.6","38,851"
472,TEXTRON,美国,"10,658.0",-124.0,"15,505.0","3,406.0","49,000"
473,ASAHI GLASS,日本,"10,627.9",-32.2,"15,065.8","4,670.5","53,728"
474,MARRIOTT INTERNATIONAL,美国,"10,619.0",277.0,"8,296.0","3,573.0","144,000"
475,MANPOWER,美国,"10,610.9",113.2,"3,701.7",999.9,"21,400"
476,TORONTO-DOMINION BANK,加拿大,"10,597.5",-48.3,"177,606.4","8,330.3","42,817"
477,SOUTHERN,美国,"10,549.0","1,318.0","31,799.0","8,710.0","26,178"
478,FORTUM,芬兰,"10,539.7",629.7,"18,846.1","6,186.9","13,670"
479,MANULIFE FINANCIAL,加拿大,"10,526.6",872.3,"88,635.1","5,537.0","31,000"
480,THALES GROUP,法国,"10,499.1",104.9,"18,852.0","2,244.5","60,602"
481,KREDITANSTALT FUR WIEDERAUFBAU,德国,"10,492.8",250.0,"273,809.0","6,812.0","2,665"
482,SEKISUI HOUSE,日本,"10,481.1",278.5,"10,496.7","5,383.5","19,432"
483,KURAYA SANSEIDO,日本,"10,459.6",41.2,"5,385.3",946.7,"7,741"
484,MARSH & MCLENNAN,美国,"10,440.0","1,365.0","13,855.0","5,018.0","59,500"
485,MBNA,美国,"10,430.9","1,766.0","52,856.7","9,101.3","26,100"
486,VATTENFALL,瑞典,"10,394.9",778.5,"31,707.1","5,179.3","34,248"
487,AES,美国,"10,346.0","-3,509.0","33,776.0",-341.0,"36,630"
488,AGRICULTURAL BANK OF CHINA,中国,"10,335.3",139.2,"305,421.6","16,087.7","490,999"
489,RESONA HOLDINGS,日本,"10,334.5","-6,874.3","361,712.0","2,621.4","19,307"
490,DANA,美国,"10,283.0",-182.0,"9,553.0","1,482.0","63,100"
491,GASUNIE,荷兰,"10,282.2",34.3,"3,285.1",190.5,"1,390"
492,TOPPAN PRINTING,日本,"10,271.7",239.0,"11,110.2","6,033.4","33,292"
493,AFLAC,美国,"10,257.0",821.0,"45,058.0","6,394.0","6,086"
494,XCEL ENERGY,美国,"10,253.8","-2,218.0","27,257.8","4,770.3","14,642"
495,NIPPON YUSEN,日本,"10,252.3",117.3,"10,854.8","2,431.0","18,016"
496,DOMINION RESOURCES,美国,"10,218.0","1,362.0","37,909.0","10,213.0","17,000"
497,HEALTH NET,美国,"10,201.5",228.6,"3,466.7","1,309.0","9,400"
498,FLUOR,美国,"10,190.4",163.6,"3,142.2",883.9,"44,809"
499,SCHERING-PLOUGH,美国,"10,180.0","1,974.0","14,136.0","8,142.0","30,500"
500,KAWASAKI HEAVY INDUSTRIES,日本,"10,173.1",106.9,"9,691.0","1,472.3","28,642"
